shortVariantID	Tumor_Sample_Barcode	nbVariants
11:43882678-43882678_G>A	9	1
13:45985747-45985747_G>A	12	1
13:46045443-46045443_C>T	9	1
14:21514477-21514477_T>C	17	1
16:53844170-53844170_G>A	20	1
17:2407220-2407220_G>A	12	1
17:2415123-2415123_C>T	4	1
17:2415145-2415145_G>T	4	1
17:2419518-2419518_G>C	R18	1
17:2420077-2420077_C>T	9	1
1:110340197-110340197_T>G	12	1
1:202013190-202013190_C>T	9	1
1:28742673-28742673_G>T	9	1
20:63202605-63202605_A>G	4	1
2:43889757-43889757_G>A	9	1
2:43899527-43899527_G>A	13	1
2:43899558-43899558_G>A	20	1
2:43899590-43899590_G>A	R9	1
2:43925898-43925898_T>C	12	1
2:43973637-43973637_C>A	17	1
2:43982405-43982405_G>A	R11	1
4:118705685-118705685_C>T	12	1
4:118705702-118705774_CAGAAGAACCTGAAATTGGCAATATAGAAAAACCTGTAGAAATTTTTCATATAATTGAGCATTTTTGTCTTGG>-	12	1
4:118705829-118705829_C>A	12	1
4:118710235-118710235_G>A	9	1
4:68314207-68314207_A>G	13	1
4:68322828-68322828_G>A	17	1
5:113535749-113535749_G>A	15	1
5:113553818-113553818_A>G	4	1
5:113584389-113584389_G>A	9	1
5:151795503-151795503_C>T	17	1
7:23313549-23313549_G>A	15	1
7:26192526-26192526_C>T	9	1
8:63187303-63187303_G>A	20	1
8:63187455-63187455_G>C	8	1
8:63209849-63209849_G>A	16	1
X:136872263-136872263_C>T	15	1
X:136880723-136880723_G>A	9	1
X:147930164-147930164_C>T	9	1
X:147932762-147932762_A>G	R11	1
X:147945570-147945570_G>A	R11	1
